Const,Your Rating,Date Rated,Title,URL,Title Type,IMDb Rating,Runtime (mins),Year,Genres,Num Votes,Release Date,Directors
tt1022603,10,2017-12-05,(500) Days of Summer,https://www.imdb.com/title/tt1022603/,movie,7.7,95,2009,"Comedy, Drama, Romance",458965,2009-01-17,Marc Webb
tt1024648,9,2018-07-31,Argo,https://www.imdb.com/title/tt1024648/,movie,7.7,120,2012,"Biography, Drama, Thriller",557346,2012-08-31,Ben Affleck
tt0102926,7,2020-04-21,The Silence of the Lambs,https://www.imdb.com/title/tt0102926/,movie,8.6,118,1991,"Crime, Drama, Thriller",1212480,1991-01-30,Jonathan Demme
tt1034007,10,2017-12-22,Alias Grace,https://www.imdb.com/title/tt1034007/,tvMiniSeries,7.8,60,2017,"Biography, Crime, Drama, Thriller",22390,2017-09-12,
tt10422436,10,2019-12-04,Silicon Valley: RussFest,https://www.imdb.com/title/tt10422436/,tvEpisode,8.6,34,2019,Comedy,991,2019-12-01,Matt Ross
tt1045658,10,2018-01-07,Silver Linings Playbook,https://www.imdb.com/title/tt1045658/,movie,7.7,122,2012,"Comedy, Drama, Romance",644436,2012-09-08,David O. Russell
tt0105236,9,2020-02-11,Reservoir Dogs,https://www.imdb.com/title/tt0105236/,movie,8.3,99,1992,"Crime, Drama, Thriller",883089,1992-01-21,Quentin Tarantino
tt0105323,10,2020-04-21,Scent of a Woman,https://www.imdb.com/title/tt0105323/,movie,8.0,156,1992,Drama,247395,1992-12-23,Martin Brest
tt0106677,8,2020-03-01,Dazed and Confused,https://www.imdb.com/title/tt0106677/,movie,7.6,102,1993,Comedy,157825,1993-06-04,Richard Linklater
tt0108052,10,2017-12-11,Schindler's List,https://www.imdb.com/title/tt0108052/,movie,8.9,195,1993,"Biography, Drama, History",1164171,1993-11-30,Steven Spielberg
tt0108778,9,2020-04-21,Friends,https://www.imdb.com/title/tt0108778/,tvSeries,8.9,22,1994,"Comedy, Romance",761312,1994-09-22,
tt0109830,10,2017-12-17,Forrest Gump,https://www.imdb.com/title/tt0109830/,movie,8.8,142,1994,"Drama, Romance",1726089,1994-06-23,Robert Zemeckis
tt0110912,10,2019-06-23,Pulp Fiction,https://www.imdb.com/title/tt0110912/,movie,8.9,154,1994,"Crime, Drama",1754160,1994-05-21,Quentin Tarantino
tt0111161,10,2019-04-23,The Shawshank Redemption,https://www.imdb.com/title/tt0111161/,movie,9.3,142,1994,Drama,2238830,1994-09-10,Frank Darabont
tt0112471,10,2020-04-15,Before Sunrise,https://www.imdb.com/title/tt0112471/,movie,8.1,101,1995,"Drama, Romance",256067,1995-01-19,Richard Linklater
tt1130884,9,2020-04-15,Shutter Island,https://www.imdb.com/title/tt1130884/,movie,8.1,138,2010,"Mystery, Thriller",1076330,2010-02-13,Martin Scorsese
tt1133985,8,2020-04-21,Green Lantern,https://www.imdb.com/title/tt1133985/,movie,5.5,114,2011,"Action, Adventure, Sci-Fi",260779,2011-06-14,Martin Campbell
tt0114369,9,2019-12-04,Se7en,https://www.imdb.com/title/tt0114369/,movie,8.6,127,1995,"Crime, Drama, Mystery, Thriller",1378085,1995-09-15,David Fincher
tt0116209,10,2017-12-07,The English Patient,https://www.imdb.com/title/tt0116209/,movie,7.4,162,1996,"Drama, Romance, War",173347,1996-10-31,Anthony Minghella
tt0116695,8,2018-02-18,Jerry Maguire,https://www.imdb.com/title/tt0116695/,movie,7.3,139,1996,"Comedy, Drama, Romance, Sport",233421,1996-12-06,Cameron Crowe
tt0118694,9,2020-04-21,Faa yeung nin wa,https://www.imdb.com/title/tt0118694/,movie,8.1,98,2000,"Drama, Romance",115904,2000-05-20,Kar-Wai Wong
tt1187043,10,2020-04-15,3 Idiots,https://www.imdb.com/title/tt1187043/,movie,8.4,170,2009,"Comedy, Drama",324360,2009-12-23,Rajkumar Hirani
tt0118715,9,2020-05-03,The Big Lebowski,https://www.imdb.com/title/tt0118715/,movie,8.1,117,1998,"Comedy, Crime, Sport",700395,1998-01-18,"Ethan Coen, Joel Coen"
tt0119488,9,2018-04-03,L.A. Confidential,https://www.imdb.com/title/tt0119488/,movie,8.2,138,1997,"Crime, Drama, Mystery, Thriller",515049,1997-05-14,Curtis Hanson
tt0119822,9,2020-01-24,As Good as It Gets,https://www.imdb.com/title/tt0119822/,movie,7.7,139,1997,"Comedy, Drama, Romance",266448,1997-12-06,James L. Brooks
tt1199099,4,2017-09-26,Merlin,https://www.imdb.com/title/tt1199099/,tvSeries,7.9,45,2008,"Adventure, Drama, Fantasy",69905,2008-09-20,
tt1201607,9,2020-04-21,Harry Potter and the Deathly Hallows: Part 2,https://www.imdb.com/title/tt1201607/,movie,8.1,130,2011,"Adventure, Drama, Fantasy, Mystery",731656,2011-07-07,David Yates
tt0120338,10,2017-09-18,Titanic,https://www.imdb.com/title/tt0120338/,movie,7.8,194,1997,"Drama, Romance",1009564,1997-11-01,James Cameron
tt0120382,9,2020-04-21,The Truman Show,https://www.imdb.com/title/tt0120382/,movie,8.1,103,1998,"Comedy, Drama, Sci-Fi",892264,1998-06-01,Peter Weir
tt0120586,9,2020-04-15,American History X,https://www.imdb.com/title/tt0120586/,movie,8.5,119,1998,Drama,1001113,1998-10-30,Tony Kaye
tt0120663,9,2020-04-21,Eyes Wide Shut,https://www.imdb.com/title/tt0120663/,movie,7.4,159,1999,"Drama, Mystery, Thriller",289021,1999-07-13,Stanley Kubrick
tt0120689,9,2019-12-04,The Green Mile,https://www.imdb.com/title/tt0120689/,movie,8.6,189,1999,"Crime, Drama, Fantasy, Mystery",1091807,1999-12-06,Frank Darabont
tt0120737,9,2020-04-21,The Lord of the Rings: The Fellowship of the Ring,https://www.imdb.com/title/tt0120737/,movie,8.8,178,2001,"Action, Adventure, Drama, Fantasy",1596477,2001-12-10,Peter Jackson
tt0120815,8,2019-06-23,Saving Private Ryan,https://www.imdb.com/title/tt0120815/,movie,8.6,169,1998,"Drama, War",1184550,1998-07-21,Steven Spielberg
tt1220617,9,2020-05-16,The Inbetweeners,https://www.imdb.com/title/tt1220617/,tvSeries,8.4,25,2008,Comedy,76634,2008-01-26,
tt1243957,7,2020-04-21,The Tourist,https://www.imdb.com/title/tt1243957/,movie,6.0,103,2010,"Action, Adventure, Crime, Mystery, Romance, Thriller",216989,2010-12-06,Florian Henckel von Donnersmarck
tt1318514,8,2020-04-21,Rise of the Planet of the Apes,https://www.imdb.com/title/tt1318514/,movie,7.6,105,2011,"Action, Drama, Sci-Fi, Thriller",486722,2011-07-28,Rupert Wyatt
tt0133093,8,2019-06-23,The Matrix,https://www.imdb.com/title/tt0133093/,movie,8.7,136,1999,"Action, Sci-Fi",1606770,1999-03-24,"Lilly Wachowski, Lana Wachowski"
tt1343092,10,2017-12-08,The Great Gatsby,https://www.imdb.com/title/tt1343092/,movie,7.2,143,2013,"Drama, Romance",459283,2013-05-01,Baz Luhrmann
tt1345836,10,2017-12-11,The Dark Knight Rises,https://www.imdb.com/title/tt1345836/,movie,8.4,164,2012,"Action, Adventure",1460735,2012-07-16,Christopher Nolan
tt0137523,10,2019-12-04,Fight Club,https://www.imdb.com/title/tt0137523/,movie,8.8,139,1999,Drama,1781767,1999-09-10,David Fincher
tt1386697,7,2020-04-21,Suicide Squad,https://www.imdb.com/title/tt1386697/,movie,6.0,123,2016,"Action, Adventure, Fantasy, Sci-Fi",577451,2016-08-01,David Ayer
tt1392170,10,2017-12-11,The Hunger Games,https://www.imdb.com/title/tt1392170/,movie,7.2,142,2012,"Action, Adventure, Sci-Fi, Thriller",821801,2012-03-12,Gary Ross
tt1392214,9,2020-04-15,Prisoners,https://www.imdb.com/title/tt1392214/,movie,8.1,153,2013,"Crime, Drama, Mystery, Thriller",568675,2013-08-30,Denis Villeneuve
tt1396484,9,2019-10-03,It,https://www.imdb.com/title/tt1396484/,movie,7.3,135,2017,Horror,433133,2017-09-05,Andy Muschietti
tt1408101,9,2020-04-21,Star Trek Into Darkness,https://www.imdb.com/title/tt1408101/,movie,7.7,132,2013,"Action, Adventure, Sci-Fi",455680,2013-05-02,J.J. Abrams
tt1431045,9,2017-11-07,Deadpool,https://www.imdb.com/title/tt1431045/,movie,8.0,108,2016,"Action, Adventure, Comedy, Sci-Fi",871083,2016-01-21,Tim Miller
tt0145487,9,2020-04-21,Spider-Man,https://www.imdb.com/title/tt0145487/,movie,7.3,121,2002,"Action, Adventure, Sci-Fi",668109,2002-04-30,Sam Raimi
tt1475582,10,2017-09-12,Sherlock,https://www.imdb.com/title/tt1475582/,tvSeries,9.1,88,2010,"Crime, Drama, Mystery, Thriller",761871,2010-07-22,
tt1489887,8,2020-04-21,Booksmart,https://www.imdb.com/title/tt1489887/,movie,7.2,102,2019,Comedy,76439,2019-03-10,Olivia Wilde
tt1509767,9,2017-09-17,The Three Musketeers,https://www.imdb.com/title/tt1509767/,movie,5.7,110,2011,"Action, Adventure, Fantasy, History, Romance, Thriller",101005,2011-09-01,Paul W.S. Anderson
tt1520211,9,2020-04-21,The Walking Dead,https://www.imdb.com/title/tt1520211/,tvSeries,8.2,44,2010,"Drama, Horror, Thriller",825620,2010-10-31,
tt1645170,8,2018-09-09,The Dictator,https://www.imdb.com/title/tt1645170/,movie,6.4,83,2012,Comedy,263947,2012-05-16,Larry Charles
tt1659337,10,2017-10-14,The Perks of Being a Wallflower,https://www.imdb.com/title/tt1659337/,movie,8.0,103,2012,"Drama, Romance",444304,2012-09-08,Stephen Chbosky
tt0166924,9,2020-04-30,Mulholland Dr.,https://www.imdb.com/title/tt0166924/,movie,8.0,147,2001,"Drama, Mystery, Thriller",306752,2001-05-16,David Lynch
tt0167260,9,2020-04-21,The Lord of the Rings: The Return of the King,https://www.imdb.com/title/tt0167260/,movie,8.9,201,2003,"Adventure, Drama, Fantasy",1583192,2003-12-01,Peter Jackson
tt0167261,9,2020-04-21,The Lord of the Rings: The Two Towers,https://www.imdb.com/title/tt0167261/,movie,8.7,179,2002,"Adventure, Drama, Fantasy",1430220,2002-12-05,Peter Jackson
tt0167404,10,2017-11-12,The Sixth Sense,https://www.imdb.com/title/tt0167404/,movie,8.1,107,1999,"Drama, Mystery, Thriller",883350,1999-08-02,M. Night Shyamalan
tt1677720,9,2019-02-01,Ready Player One,https://www.imdb.com/title/tt1677720/,movie,7.5,140,2018,"Action, Adventure, Sci-Fi",342044,2018-03-11,Steven Spielberg
tt1683526,10,2020-02-12,Detachment,https://www.imdb.com/title/tt1683526/,movie,7.7,98,2011,Drama,73426,2011-04-25,Tony Kaye
tt0169547,9,2017-10-05,American Beauty,https://www.imdb.com/title/tt0169547/,movie,8.3,122,1999,Drama,1036769,1999-09-08,Sam Mendes
tt1714206,10,2020-04-21,The Spectacular Now,https://www.imdb.com/title/tt1714206/,movie,7.1,95,2013,"Comedy, Drama, Romance",140271,2013-01-18,James Ponsoldt
tt1716772,9,2018-11-15,The Inbetweeners Movie,https://www.imdb.com/title/tt1716772/,movie,6.7,97,2011,Comedy,76053,2011-08-17,Ben Palmer
tt0172493,9,2020-02-19,"Girl, Interrupted",https://www.imdb.com/title/tt0172493/,movie,7.3,127,1999,"Biography, Drama",157675,1999-12-08,James Mangold
tt0172495,8,2020-04-21,Gladiator,https://www.imdb.com/title/tt0172495/,movie,8.5,155,2000,"Action, Adventure, Drama",1288011,2000-05-01,Ridley Scott
tt1790809,7,2017-09-29,Pirates of the Caribbean: Dead Men Tell No Tales,https://www.imdb.com/title/tt1790809/,movie,6.6,129,2017,"Action, Adventure, Fantasy",248884,2017-05-11,"Espen Sandberg, Joachim Rønning"
tt1798709,10,2018-11-15,Her,https://www.imdb.com/title/tt1798709/,movie,8.0,126,2013,"Drama, Romance, Sci-Fi",512337,2013-10-12,Spike Jonze
tt0180093,10,2020-04-15,Requiem for a Dream,https://www.imdb.com/title/tt0180093/,movie,8.3,102,2000,Drama,738007,2000-05-14,Darren Aronofsky
tt1825683,7,2020-04-21,Black Panther,https://www.imdb.com/title/tt1825683/,movie,7.3,134,2018,"Action, Adventure, Sci-Fi",580730,2018-01-29,Ryan Coogler
tt1837492,9,2020-04-21,13 Reasons Why,https://www.imdb.com/title/tt1837492/,tvSeries,7.8,60,2017,"Drama, Mystery",236565,2017-03-31,
tt1854564,6,2017-09-09,Percy Jackson: Sea of Monsters,https://www.imdb.com/title/tt1854564/,movie,5.8,106,2013,"Adventure, Family, Fantasy, Thriller",106769,2013-08-07,Thor Freudenthal
tt1895587,8,2020-04-15,Spotlight,https://www.imdb.com/title/tt1895587/,movie,8.1,129,2015,"Biography, Crime, Drama",397327,2015-09-03,Tom McCarthy
tt1951264,8,2020-04-21,The Hunger Games: Catching Fire,https://www.imdb.com/title/tt1951264/,movie,7.5,146,2013,"Action, Adventure, Mystery, Sci-Fi, Thriller",596777,2013-11-11,Francis Lawrence
tt1951265,8,2020-04-21,The Hunger Games: Mockingjay - Part 1,https://www.imdb.com/title/tt1951265/,movie,6.6,123,2014,"Action, Adventure, Sci-Fi, Thriller",398811,2014-11-10,Francis Lawrence
tt1951266,8,2020-04-21,The Hunger Games: Mockingjay - Part 2,https://www.imdb.com/title/tt1951266/,movie,6.5,137,2015,"Action, Adventure, Sci-Fi, Thriller",271844,2015-11-04,Francis Lawrence
tt1954470,10,2020-04-21,Gangs of Wasseypur,https://www.imdb.com/title/tt1954470/,movie,8.2,321,2012,"Action, Crime, Drama, Thriller",75363,2012-05-22,Anurag Kashyap
tt2015381,5,2017-09-27,Guardians of the Galaxy,https://www.imdb.com/title/tt2015381/,movie,8.0,121,2014,"Action, Adventure, Comedy, Sci-Fi",1011618,2014-07-21,James Gunn
tt2024544,9,2018-07-31,12 Years a Slave,https://www.imdb.com/title/tt2024544/,movie,8.1,134,2013,"Biography, Drama, History",614100,2013-08-30,Steve McQueen
tt2082197,10,2017-09-11,Barfi!,https://www.imdb.com/title/tt2082197/,movie,8.1,151,2012,"Comedy, Drama, Romance",72568,2012-09-13,Anurag Basu
tt2084970,10,2017-11-25,The Imitation Game,https://www.imdb.com/title/tt2084970/,movie,8.0,114,2014,"Biography, Drama, Thriller, War",656507,2014-08-29,Morten Tyldum
tt2085059,8,2020-04-21,Black Mirror,https://www.imdb.com/title/tt2085059/,tvSeries,8.8,60,2011,"Drama, Sci-Fi, Thriller",400603,2011-12-04,
tt0215750,8,2018-09-09,Enemy at the Gates,https://www.imdb.com/title/tt0215750/,movie,7.6,131,2001,"Drama, History, War",235208,2001-02-07,Jean-Jacques Annaud
tt2191671,3,2017-09-17,Elementary,https://www.imdb.com/title/tt2191671/,tvSeries,7.9,60,2012,"Crime, Drama, Mystery",98489,2012-09-27,
tt2209418,9,2020-05-16,Before Midnight,https://www.imdb.com/title/tt2209418/,movie,7.9,109,2013,"Drama, Romance",132892,2013-01-20,Richard Linklater
tt2250912,8,2020-04-21,Spider-Man: Homecoming,https://www.imdb.com/title/tt2250912/,movie,7.4,133,2017,"Action, Adventure, Sci-Fi",483494,2017-06-28,Jon Watts
tt2267998,10,2017-12-03,Gone Girl,https://www.imdb.com/title/tt2267998/,movie,8.1,149,2014,"Drama, Mystery, Thriller",817228,2014-09-26,David Fincher
tt2338151,10,2020-04-21,PK,https://www.imdb.com/title/tt2338151/,movie,8.1,153,2014,"Comedy, Drama, Fantasy",152735,2014-12-18,Rajkumar Hirani
tt2350496,10,2020-05-11,The Lunchbox,https://www.imdb.com/title/tt2350496/,movie,7.8,104,2013,"Drama, Romance",46933,2013-05-19,Ritesh Batra
tt2356777,10,2018-12-18,True Detective,https://www.imdb.com/title/tt2356777/,tvSeries,9.0,55,2014,"Crime, Drama, Mystery, Thriller",475458,2014-01-12,
tt2357547,7,2017-11-22,Jessica Jones,https://www.imdb.com/title/tt2357547/,tvSeries,8.0,56,2015,"Action, Crime, Drama, Sci-Fi, Thriller",186482,2015-10-10,
tt2372162,9,2020-04-21,Orange Is the New Black,https://www.imdb.com/title/tt2372162/,tvSeries,8.1,59,2013,"Comedy, Crime, Drama",271554,2013-07-11,
tt2375605,9,2020-05-09,The Act of Killing,https://www.imdb.com/title/tt2375605/,movie,8.2,117,2012,"Documentary, Biography, Crime, History",33599,2012-08-31,"Joshua Oppenheimer, Christine Cynn, Anonymous"
tt2388771,8,2018-12-08,Mowgli,https://www.imdb.com/title/tt2388771/,movie,6.5,104,2018,"Adventure, Drama, Fantasy",53025,2018-11-25,Andy Serkis
tt0241527,10,2020-04-21,Harry Potter and the Sorcerer's Stone,https://www.imdb.com/title/tt0241527/,movie,7.6,152,2001,"Adventure, Family, Fantasy",610981,2001-11-04,Chris Columbus
tt2488496,7,2020-04-21,Star Wars: Episode VII - The Force Awakens,https://www.imdb.com/title/tt2488496/,movie,7.9,138,2015,"Action, Adventure, Sci-Fi",836897,2015-12-14,J.J. Abrams
tt2494376,10,2017-11-24,Justice League Dark,https://www.imdb.com/title/tt2494376/,video,7.1,75,2017,"Animation, Action, Adventure, Family, Fantasy, Horror, Sci-Fi",19394,2017-01-24,Jay Oliva
tt2527336,8,2020-04-21,Star Wars: Episode VIII - The Last Jedi,https://www.imdb.com/title/tt2527336/,movie,7.0,152,2017,"Action, Adventure, Fantasy, Sci-Fi",537771,2017-12-09,Rian Johnson
tt0253474,10,2020-04-21,The Pianist,https://www.imdb.com/title/tt0253474/,movie,8.5,150,2002,"Biography, Drama, Music, War",694554,2002-05-24,Roman Polanski
tt2562232,8,2020-03-03,Birdman or (The Unexpected Virtue of Ignorance),https://www.imdb.com/title/tt2562232/,movie,7.7,119,2014,"Comedy, Drama",556917,2014-08-27,Alejandro G. Iñárritu
tt2575988,10,2020-04-21,Silicon Valley,https://www.imdb.com/title/tt2575988/,tvSeries,8.5,28,2014,Comedy,118529,2014-04-06,
tt2582496,9,2020-04-21,Me and Earl and the Dying Girl,https://www.imdb.com/title/tt2582496/,movie,7.7,105,2015,"Comedy, Drama",118817,2015-01-25,Alfonso Gomez-Rejon
tt2582802,8,2019-06-23,Whiplash,https://www.imdb.com/title/tt2582802/,movie,8.5,106,2014,"Drama, Music",675115,2014-01-16,Damien Chazelle
tt2582846,10,2017-09-27,The Fault in Our Stars,https://www.imdb.com/title/tt2582846/,movie,7.7,126,2014,"Drama, Romance",331910,2014-05-16,Josh Boone
tt2584384,9,2020-02-09,Jojo Rabbit,https://www.imdb.com/title/tt2584384/,movie,7.9,108,2019,"Comedy, Drama, War",212046,2019-09-08,Taika Waititi
tt2660888,10,2017-11-05,Star Trek Beyond,https://www.imdb.com/title/tt2660888/,movie,7.1,122,2016,"Action, Adventure, Sci-Fi, Thriller",220187,2016-07-20,Justin Lin
tt0268978,10,2017-11-12,A Beautiful Mind,https://www.imdb.com/title/tt0268978/,movie,8.2,135,2001,"Biography, Drama",815847,2001-12-13,Ron Howard
tt2707408,9,2020-04-21,Narcos,https://www.imdb.com/title/tt2707408/,tvSeries,8.8,49,2015,"Biography, Crime, Drama, Thriller",330850,2015-08-28,
tt2764752,8,2017-09-12,Saraswatichandra,https://www.imdb.com/title/tt2764752/,tvSeries,6.3,,2013,Romance,569,2013-02-25,
tt2802850,10,2020-04-21,Fargo,https://www.imdb.com/title/tt2802850/,tvSeries,8.9,53,2014,"Crime, Drama, Thriller",301198,2014-04-15,
tt2861424,10,2018-09-09,Rick and Morty,https://www.imdb.com/title/tt2861424/,tvSeries,9.2,23,2013,"Animation, Adventure, Comedy, Sci-Fi",336887,2013-12-02,
tt0287978,9,2017-11-01,Daredevil,https://www.imdb.com/title/tt0287978/,movie,5.3,103,2003,"Action, Crime",202793,2003-02-09,Mark Steven Johnson
tt2975590,9,2020-04-21,Batman v Superman: Dawn of Justice,https://www.imdb.com/title/tt2975590/,movie,6.5,151,2016,"Action, Adventure, Sci-Fi",604366,2016-03-12,Zack Snyder
tt3032476,9,2020-05-16,Better Call Saul,https://www.imdb.com/title/tt3032476/,tvSeries,8.7,46,2015,"Crime, Drama",291405,2015-02-08,
tt3040964,10,2017-12-02,The Jungle Book,https://www.imdb.com/title/tt3040964/,movie,7.4,106,2016,"Adventure, Drama, Family, Fantasy",251949,2016-04-04,Jon Favreau
tt3107288,5,2018-07-28,The Flash,https://www.imdb.com/title/tt3107288/,tvSeries,7.7,43,2014,"Action, Adventure, Drama, Sci-Fi",295721,2014-10-07,
tt0314331,8,2020-04-21,Love Actually,https://www.imdb.com/title/tt0314331/,movie,7.6,135,2003,"Comedy, Drama, Romance",411872,2003-11-06,Richard Curtis
tt0316654,9,2020-04-21,Spider-Man 2,https://www.imdb.com/title/tt0316654/,movie,7.3,127,2004,"Action, Adventure, Sci-Fi",526127,2004-06-25,Sam Raimi
tt3263904,9,2020-04-21,Sully,https://www.imdb.com/title/tt3263904/,movie,7.4,96,2016,"Biography, Drama",224030,2016-09-02,Clint Eastwood
tt3315342,10,2017-10-29,Logan,https://www.imdb.com/title/tt3315342/,movie,8.1,137,2017,"Action, Drama, Sci-Fi, Thriller",614669,2017-02-17,James Mangold
tt3322312,10,2017-11-10,Daredevil,https://www.imdb.com/title/tt3322312/,tvSeries,8.6,54,2015,"Action, Crime, Drama, Fantasy, Sci-Fi, Thriller",348084,2015-04-02,
tt3322314,6,2018-07-28,Luke Cage,https://www.imdb.com/title/tt3322314/,tvSeries,7.3,55,2016,"Action, Crime, Drama, Sci-Fi, Thriller",112120,2016-09-28,
tt0332280,10,2019-04-07,The Notebook,https://www.imdb.com/title/tt0332280/,movie,7.8,123,2004,"Drama, Romance",500289,2004-05-20,Nick Cassavetes
tt0338013,9,2020-04-21,Eternal Sunshine of the Spotless Mind,https://www.imdb.com/title/tt0338013/,movie,8.3,108,2004,"Drama, Romance, Sci-Fi",875060,2004-03-09,Michel Gondry
tt0338526,4,2017-09-28,Van Helsing,https://www.imdb.com/title/tt0338526/,movie,6.1,131,2004,"Action, Adventure, Fantasy",238202,2004-05-03,Stephen Sommers
tt3390572,10,2017-10-20,Haider,https://www.imdb.com/title/tt3390572/,movie,8.1,160,2014,"Action, Crime, Drama, Thriller",48312,2014-10-02,Vishal Bhardwaj
tt0342258,10,2017-09-12,Unleashed,https://www.imdb.com/title/tt0342258/,movie,7.0,103,2005,"Action, Adventure, Crime, Drama, Thriller",96781,2005-01-10,Louis Leterrier
tt3464902,9,2020-04-21,The Lobster,https://www.imdb.com/title/tt3464902/,movie,7.2,119,2015,"Comedy, Drama, Romance, Sci-Fi, Thriller",204158,2015-05-15,Yorgos Lanthimos
tt3488710,10,2018-03-31,The Walk,https://www.imdb.com/title/tt3488710/,movie,7.3,123,2015,"Adventure, Biography, Drama",115735,2015-09-26,Robert Zemeckis
tt3501632,8,2020-04-21,Thor: Ragnarok,https://www.imdb.com/title/tt3501632/,movie,7.9,130,2017,"Action, Adventure, Comedy, Fantasy, Sci-Fi",550382,2017-10-10,Taika Waititi
tt3530232,10,2017-10-01,Last Week Tonight with John Oliver,https://www.imdb.com/title/tt3530232/,tvSeries,8.9,30,2014,"Comedy, News, Talk-Show",74348,2014-04-27,
tt0360486,9,2017-11-03,Constantine,https://www.imdb.com/title/tt0360486/,movie,7.0,121,2005,"Action, Fantasy, Horror, Mystery",294163,2005-02-07,Francis Lawrence
tt0362227,9,2018-03-10,The Terminal,https://www.imdb.com/title/tt0362227/,movie,7.4,128,2004,"Comedy, Drama, Romance",389294,2004-06-09,Steven Spielberg
tt0369179,8,2020-04-21,Two and a Half Men,https://www.imdb.com/title/tt0369179/,tvSeries,7.0,22,2003,"Comedy, Romance",234286,2003-09-22,
tt0372784,10,2020-04-15,Batman Begins,https://www.imdb.com/title/tt0372784/,movie,8.2,140,2005,"Action, Adventure",1260347,2005-05-31,Christopher Nolan
tt3748528,8,2020-04-21,Rogue One,https://www.imdb.com/title/tt3748528/,movie,7.8,133,2016,"Action, Adventure, Sci-Fi",529674,2016-12-10,Gareth Edwards
tt3749900,9,2017-11-06,Gotham,https://www.imdb.com/title/tt3749900/,tvSeries,7.8,42,2014,"Action, Crime, Drama, Mystery, Sci-Fi, Thriller",205198,2014-07-26,
tt0381681,9,2019-06-23,Before Sunset,https://www.imdb.com/title/tt0381681/,movie,8.0,80,2004,"Drama, Romance",223480,2004-02-10,Richard Linklater
tt3874544,9,2017-11-04,The Boss Baby,https://www.imdb.com/title/tt3874544/,movie,6.3,97,2017,"Animation, Adventure, Comedy, Family, Fantasy",102957,2017-03-12,Tom McGrath
tt3896198,9,2020-04-21,Guardians of the Galaxy Vol. 2,https://www.imdb.com/title/tt3896198/,movie,7.6,136,2017,"Action, Adventure, Comedy, Sci-Fi",538504,2017-04-10,James Gunn
tt0405422,9,2020-04-21,The 40 Year Old Virgin,https://www.imdb.com/title/tt0405422/,movie,7.1,116,2005,"Comedy, Romance",381265,2005-08-11,Judd Apatow
tt0405508,9,2020-04-21,Rang De Basanti,https://www.imdb.com/title/tt0405508/,movie,8.2,167,2006,"Comedy, Drama",106599,2006-01-26,Rakeysh Omprakash Mehra
tt0409459,10,2020-04-21,Watchmen,https://www.imdb.com/title/tt0409459/,movie,7.6,162,2009,"Action, Drama, Mystery, Sci-Fi",484544,2009-02-23,Zack Snyder
tt4123430,8,2019-01-22,Fantastic Beasts: The Crimes of Grindelwald,https://www.imdb.com/title/tt4123430/,movie,6.6,134,2018,"Adventure, Family, Fantasy",201997,2018-11-08,David Yates
tt0413300,8,2020-04-21,Spider-Man 3,https://www.imdb.com/title/tt0413300/,movie,6.2,139,2007,"Action, Adventure, Sci-Fi",483794,2007-04-03,Sam Raimi
tt4154756,8,2020-04-21,Avengers: Infinity War,https://www.imdb.com/title/tt4154756/,movie,8.5,149,2018,"Action, Adventure, Sci-Fi",773277,2018-04-23,"Anthony Russo, Joe Russo"
tt4154796,9,2019-06-23,Avengers: Endgame,https://www.imdb.com/title/tt4154796/,movie,8.4,181,2019,"Action, Adventure, Drama, Sci-Fi",715806,2019-04-22,"Anthony Russo, Joe Russo"
tt4158110,10,2018-11-28,Mr. Robot,https://www.imdb.com/title/tt4158110/,tvSeries,8.5,49,2015,"Crime, Drama, Thriller",313593,2015-03-17,
tt0418279,10,2017-11-28,Transformers,https://www.imdb.com/title/tt0418279/,movie,7.0,144,2007,"Action, Adventure, Sci-Fi",584613,2007-06-12,Michael Bay
tt0451279,9,2020-04-21,Wonder Woman,https://www.imdb.com/title/tt0451279/,movie,7.4,141,2017,"Action, Adventure, Fantasy, Sci-Fi, War",526683,2017-05-15,Patty Jenkins
tt0455275,9,2020-04-21,Prison Break,https://www.imdb.com/title/tt0455275/,tvSeries,8.3,44,2005,"Action, Crime, Drama, Mystery, Thriller",453856,2005-08-29,
tt4574334,3,2017-09-30,Stranger Things,https://www.imdb.com/title/tt4574334/,tvSeries,8.8,51,2016,"Drama, Fantasy, Horror, Mystery, Sci-Fi, Thriller",738284,2016-07-11,
tt4635276,10,2017-12-21,Master of None,https://www.imdb.com/title/tt4635276/,tvSeries,8.3,30,2015,Comedy,62098,2015-11-06,
tt0467406,6,2017-12-06,Juno,https://www.imdb.com/title/tt0467406/,movie,7.4,96,2007,"Comedy, Drama",479783,2007-09-01,Jason Reitman
tt0468569,10,2017-12-11,The Dark Knight,https://www.imdb.com/title/tt0468569/,movie,9.0,152,2008,"Action, Crime, Drama, Thriller",2208881,2008-07-14,Christopher Nolan
tt4742876,10,2017-09-19,TVF Pitchers,https://www.imdb.com/title/tt4742876/,tvMiniSeries,9.2,40,2015,"Comedy, Drama",48367,2015-06-03,
tt0475784,10,2017-10-19,Westworld,https://www.imdb.com/title/tt0475784/,tvSeries,8.7,62,2016,"Drama, Mystery, Sci-Fi",397794,2016-09-30,
tt0477348,9,2020-04-21,No Country for Old Men,https://www.imdb.com/title/tt0477348/,movie,8.1,122,2007,"Crime, Drama, Thriller",815189,2007-05-19,"Ethan Coen, Joel Coen"
tt0482571,8,2019-06-23,The Prestige,https://www.imdb.com/title/tt0482571/,movie,8.5,130,2006,"Drama, Mystery, Sci-Fi, Thriller",1134305,2006-10-17,Christopher Nolan
tt0486655,8,2017-10-03,Stardust,https://www.imdb.com/title/tt0486655/,movie,7.6,127,2007,"Adventure, Family, Fantasy, Romance",247087,2007-07-29,Matthew Vaughn
tt0487831,9,2020-03-19,The IT Crowd,https://www.imdb.com/title/tt0487831/,tvSeries,8.5,25,2006,Comedy,126652,2006-02-03,
tt4991512,9,2019-05-23,Tramps,https://www.imdb.com/title/tt4991512/,movie,6.5,82,2016,"Comedy, Romance",4074,2016-09-10,Adam Leon
tt5013056,8,2020-04-21,Dunkirk,https://www.imdb.com/title/tt5013056/,movie,7.9,106,2017,"Action, Drama, History, Thriller, War",516139,2017-07-13,Christopher Nolan
tt5027774,8,2020-05-16,"Three Billboards Outside Ebbing, Missouri",https://www.imdb.com/title/tt5027774/,movie,8.2,115,2017,"Comedy, Crime, Drama",398022,2017-09-04,Martin McDonagh
tt5056196,10,2019-05-30,Catch-22,https://www.imdb.com/title/tt5056196/,tvMiniSeries,7.8,45,2019,"Action, Adventure, Comedy, Drama, Thriller, War",12835,2019-05-17,
tt5074352,8,2020-04-15,Dangal,https://www.imdb.com/title/tt5074352/,movie,8.4,161,2016,"Action, Biography, Drama, Sport",141891,2016-12-21,Nitesh Tiwari
tt5140878,8,2017-09-27,Annabelle: Creation,https://www.imdb.com/title/tt5140878/,movie,6.5,109,2017,"Horror, Mystery, Thriller",105348,2017-06-19,David F. Sandberg
tt0054215,9,2020-04-15,Psycho,https://www.imdb.com/title/tt0054215/,movie,8.5,109,1960,"Horror, Mystery, Thriller",574508,1960-06-16,Alfred Hitchcock
tt5463162,9,2020-04-21,Deadpool 2,https://www.imdb.com/title/tt5463162/,movie,7.7,119,2018,"Action, Adventure, Comedy, Sci-Fi",449556,2018-05-01,David Leitch
tt5516154,10,2017-12-17,Godless,https://www.imdb.com/title/tt5516154/,tvMiniSeries,8.3,60,2017,"Drama, Western",45490,2017-11-22,
tt5607714,9,2018-03-11,Teströl és lélekröl,https://www.imdb.com/title/tt5607714/,movie,7.6,116,2017,"Drama, Fantasy, Mystery, Romance",21996,2017-02-10,Ildikó Enyedi
tt5687612,10,2020-02-12,Fleabag,https://www.imdb.com/title/tt5687612/,tvSeries,8.7,27,2016,"Comedy, Drama",72923,2016-07-21,
tt5688996,7,2018-09-09,Alex Strangelove,https://www.imdb.com/title/tt5688996/,movie,6.3,99,2018,"Comedy, Drama, Romance",13454,2018-04-16,Craig Johnson
tt0057012,8,2019-06-23,Dr. Strangelove or: How I Learned to Stop Worrying and Love the Bomb,https://www.imdb.com/title/tt0057012/,movie,8.4,95,1964,Comedy,434958,1964-01-29,Stanley Kubrick
tt5715874,8,2020-05-03,The Killing of a Sacred Deer,https://www.imdb.com/title/tt5715874/,movie,7.0,121,2017,"Drama, Horror, Mystery, Thriller",110034,2017-05-22,Yorgos Lanthimos
tt5727208,9,2020-02-09,Uncut Gems,https://www.imdb.com/title/tt5727208/,movie,7.5,135,2019,"Crime, Drama, Thriller",162272,2019-08-30,"Benny Safdie, Josh Safdie"
tt5834204,9,2020-04-21,The Handmaid's Tale,https://www.imdb.com/title/tt5834204/,tvSeries,8.5,60,2017,"Drama, Sci-Fi, Thriller",153149,2017-04-24,
tt5862312,9,2020-04-21,Verónica,https://www.imdb.com/title/tt5862312/,movie,6.2,105,2017,Horror,32754,2017-08-25,Paco Plaza
tt5912454,10,2020-02-21,Blue Jay,https://www.imdb.com/title/tt5912454/,movie,7.3,80,2016,"Drama, Romance",12514,2016-09-12,Alex Lehmann
tt6077448,7,2019-01-13,Sacred Games,https://www.imdb.com/title/tt6077448/,tvSeries,8.7,50,2018,"Action, Crime, Drama, Thriller",66489,2018-06-28,
tt0061722,8,2019-05-23,The Graduate,https://www.imdb.com/title/tt0061722/,movie,8.0,106,1967,"Comedy, Drama, Romance",247082,1967-12-20,Mike Nichols
tt6226232,8,2020-04-21,Young Sheldon,https://www.imdb.com/title/tt6226232/,tvSeries,7.4,30,2017,Comedy,29730,2017-09-25,
tt0062622,9,2019-06-23,2001: A Space Odyssey,https://www.imdb.com/title/tt0062622/,movie,8.3,149,1968,"Adventure, Sci-Fi",577526,1968-04-02,Stanley Kubrick
tt0064276,8,2020-05-13,Easy Rider,https://www.imdb.com/title/tt0064276/,movie,7.3,95,1969,"Adventure, Drama",95952,1969-05-12,Dennis Hopper
tt6586318,9,2019-01-13,Patrick Melrose,https://www.imdb.com/title/tt6586318/,tvMiniSeries,8.1,60,2018,Drama,21732,2018-05-12,
tt0066763,10,2017-09-11,Anand,https://www.imdb.com/title/tt0066763/,movie,8.7,122,1971,"Drama, Musical",25622,1971-03-12,Hrishikesh Mukherjee
tt0066921,10,2019-06-20,A Clockwork Orange,https://www.imdb.com/title/tt0066921/,movie,8.3,136,1971,"Crime, Drama, Sci-Fi",729603,1971-12-19,Stanley Kubrick
tt6751668,10,2020-02-16,Gisaengchung,https://www.imdb.com/title/tt6751668/,movie,8.6,132,2019,"Comedy, Drama, Thriller",403910,2019-05-21,Bong Joon Ho
tt6923462,9,2018-12-08,Manto,https://www.imdb.com/title/tt6923462/,movie,7.4,112,2018,"Biography, Drama",3269,2018-05-13,Nandita Das
tt6966692,8,2019-08-18,Green Book,https://www.imdb.com/title/tt6966692/,movie,8.2,130,2018,"Biography, Comedy, Drama, Music",321025,2018-09-11,Peter Farrelly
tt7286456,9,2019-10-06,Joker,https://www.imdb.com/title/tt7286456/,movie,8.5,122,2019,"Crime, Drama, Thriller",785768,2019-08-31,Todd Phillips
tt7312228,10,2017-12-11,Gotham: A Dark Knight: Things That Go Boom,https://www.imdb.com/title/tt7312228/,tvEpisode,8.5,43,2017,"Action, Crime, Drama, Mystery, Sci-Fi, Thriller",1491,2017-11-30,Louis Shaw Milito
tt0073486,7,2019-12-04,One Flew Over the Cuckoo's Nest,https://www.imdb.com/title/tt0073486/,movie,8.7,133,1975,Drama,878753,1975-11-19,Milos Forman
tt7399470,9,2020-05-11,Qarib Qarib Singlle,https://www.imdb.com/title/tt7399470/,movie,7.0,125,2017,"Comedy, Romance",5811,2017-11-09,Tanuja Chandra
tt0075314,10,2019-08-18,Taxi Driver,https://www.imdb.com/title/tt0075314/,movie,8.3,114,1976,"Crime, Drama",689793,1976-02-08,Martin Scorsese
tt0758758,10,2019-08-18,Into the Wild,https://www.imdb.com/title/tt0758758/,movie,8.1,148,2007,"Adventure, Biography, Drama",551023,2007-09-01,Sean Penn
tt0076759,8,2020-04-21,Star Wars,https://www.imdb.com/title/tt0076759/,movie,8.6,121,1977,"Action, Adventure, Fantasy, Sci-Fi",1189698,1977-05-25,George Lucas
tt7713068,7,2020-02-11,Birds of Prey: And the Fantabulous Emancipation of One Harley Quinn,https://www.imdb.com/title/tt7713068/,movie,6.2,109,2020,"Action, Adventure, Crime",109143,2020-01-25,Cathy Yan
tt0780536,9,2019-12-22,In Bruges,https://www.imdb.com/title/tt0780536/,movie,7.9,107,2008,"Comedy, Crime, Drama, Thriller",378981,2008-01-17,Martin McDonagh
tt0078748,8,2020-04-15,Alien,https://www.imdb.com/title/tt0078748/,movie,8.4,117,1979,"Horror, Sci-Fi",756169,1979-05-25,Ridley Scott
tt0796366,9,2017-11-13,Star Trek,https://www.imdb.com/title/tt0796366/,movie,7.9,127,2009,"Action, Adventure, Sci-Fi",568355,2009-04-06,J.J. Abrams
tt0080684,9,2020-04-21,Star Wars: Episode V - The Empire Strikes Back,https://www.imdb.com/title/tt0080684/,movie,8.7,124,1980,"Action, Adventure, Fantasy, Sci-Fi",1117296,1980-05-17,Irvin Kershner
tt8075192,10,2020-01-18,Manbiki kazoku,https://www.imdb.com/title/tt8075192/,movie,8.0,121,2018,"Crime, Drama",51999,2018-05-13,Hirokazu Koreeda
tt8079248,7,2020-04-21,Yesterday,https://www.imdb.com/title/tt8079248/,movie,6.8,116,2019,"Comedy, Fantasy, Music, Musical, Romance",95113,2019-05-04,Danny Boyle
tt8084176,10,2019-11-21,Mr. Robot: 407 Proxy Authentication Required,https://www.imdb.com/title/tt8084176/,tvEpisode,9.9,56,2019,"Crime, Drama, Thriller",17071,2019-11-17,Sam Esmail
tt0814255,6,2017-09-09,Percy Jackson & the Olympians: The Lightning Thief,https://www.imdb.com/title/tt0814255/,movie,5.9,118,2010,"Adventure, Family, Fantasy",171689,2010-02-10,Chris Columbus
tt0081505,10,2019-05-27,The Shining,https://www.imdb.com/title/tt0081505/,movie,8.4,146,1980,"Drama, Horror",852028,1980-05-23,Stanley Kubrick
tt0816692,9,2020-04-15,Interstellar,https://www.imdb.com/title/tt0816692/,movie,8.6,169,2014,"Adventure, Drama, Sci-Fi, Thriller",1413707,2014-10-26,Christopher Nolan
tt0082971,8,2020-04-21,Raiders of the Lost Ark,https://www.imdb.com/title/tt0082971/,movie,8.4,115,1981,"Action, Adventure",853464,1981-06-12,Steven Spielberg
tt0083658,9,2020-04-21,Blade Runner,https://www.imdb.com/title/tt0083658/,movie,8.1,117,1982,"Action, Sci-Fi, Thriller",667580,1982-06-25,Ridley Scott
tt0837563,9,2020-04-21,Pet Sematary,https://www.imdb.com/title/tt0837563/,movie,5.7,101,2019,"Horror, Mystery, Thriller",73155,2019-03-16,"Dennis Widmyer, Kevin Kölsch"
tt8398600,9,2020-04-25,After Life,https://www.imdb.com/title/tt8398600/,tvSeries,8.5,30,2019,"Comedy, Drama",67813,2019-03-08,
tt0086190,8,2020-04-21,Star Wars: Episode VI - Return of the Jedi,https://www.imdb.com/title/tt0086190/,movie,8.3,131,1983,"Action, Adventure, Fantasy, Sci-Fi",916130,1983-05-25,Richard Marquand
tt0087469,8,2020-04-21,Indiana Jones and the Temple of Doom,https://www.imdb.com/title/tt0087469/,movie,7.6,118,1984,"Action, Adventure",430825,1984-05-08,Steven Spielberg
tt0088763,7,2019-06-23,Back to the Future,https://www.imdb.com/title/tt0088763/,movie,8.5,116,1985,"Adventure, Comedy, Sci-Fi",1000817,1985-07-03,Robert Zemeckis
tt0898266,9,2020-04-21,The Big Bang Theory,https://www.imdb.com/title/tt0898266/,tvSeries,8.1,22,2007,"Comedy, Romance",688200,2006-05-01,
tt0903747,10,2020-04-21,Breaking Bad,https://www.imdb.com/title/tt0903747/,tvSeries,9.5,49,2008,"Crime, Drama, Thriller",1351751,2008-01-20,
tt0090605,7,2020-04-21,Aliens,https://www.imdb.com/title/tt0090605/,movie,8.3,137,1986,"Action, Adventure, Sci-Fi, Thriller",630767,1986-07-14,James Cameron
tt9432978,8,2020-04-21,Kota Factory,https://www.imdb.com/title/tt9432978/,tvSeries,9.1,45,2019,"Comedy, Drama",19629,2019-04-16,
tt0944947,9,2020-04-21,Game of Thrones,https://www.imdb.com/title/tt0944947/,tvSeries,9.3,57,2011,"Action, Adventure, Drama, Fantasy, Romance",1673816,2011-04-17,
tt9495224,9,2019-01-19,Black Mirror: Bandersnatch,https://www.imdb.com/title/tt9495224/,tvMovie,7.2,90,2018,"Drama, Mystery, Sci-Fi, Thriller",106522,2018-12-28,David Slade
tt0097165,10,2020-04-15,Dead Poets Society,https://www.imdb.com/title/tt0097165/,movie,8.1,128,1989,"Comedy, Drama",402286,1989-06-02,Peter Weir
tt0974015,8,2020-04-21,Justice League,https://www.imdb.com/title/tt0974015/,movie,6.4,120,2017,"Action, Adventure, Fantasy, Sci-Fi",361636,2017-10-26,Zack Snyder
tt0097576,8,2020-04-21,Indiana Jones and the Last Crusade,https://www.imdb.com/title/tt0097576/,movie,8.2,127,1989,"Action, Adventure",667549,1989-05-24,Steven Spielberg
tt9806192,10,2020-01-18,J'ai perdu mon corps,https://www.imdb.com/title/tt9806192/,movie,7.6,81,2019,"Animation, Drama, Fantasy, Romance",21209,2019-05-17,Jérémy Clapin
tt0986264,9,2020-04-15,Taare Zameen Par,https://www.imdb.com/title/tt0986264/,movie,8.4,165,2007,"Drama, Family",156833,2007-12-21,"Aamir Khan, Amole Gupte"
tt0098904,10,2020-04-21,Seinfeld,https://www.imdb.com/title/tt0098904/,tvSeries,8.8,22,1989,Comedy,241558,1989-07-05,
tt0993846,10,2017-10-03,The Wolf of Wall Street,https://www.imdb.com/title/tt0993846/,movie,8.2,180,2013,"Biography, Crime, Drama",1115426,2013-12-09,Martin Scorsese
tt0099685,8,2020-05-03,Goodfellas,https://www.imdb.com/title/tt0099685/,movie,8.7,146,1990,"Biography, Crime, Drama",973996,1990-09-09,Martin Scorsese
